{
    "faceon": {
        "DST": [
            [
                -0.434225999848801,
                0.319195699870864,
                -0.000444895847872028,
                0.00188648510503468,
                -0.189236755661848
            ]
        ],
        "K": [
            [
                1029.57829569356,
                0,
                474.3007105105
            ],
            [
                0,
                1029.96322398038,
                614.485353444031
            ],
            [
                0,
                0,
                1
            ]
        ],
        "R": [
            [
                0.999289024201027,
                -0.035783313601338,
                -0.01187436647013
            ],
            [
                0.012728967274362,
                0.0237502485948449,
                0.999636883615151
            ],
            [
                -0.0354883009382932,
                -0.999077314405342,
                0.024188847370674
            ]
        ],
        "T": [
            [
                -483.18966895277
            ],
            [
                953.214983473441
            ],
            [
                3007.62304351526
            ]
        ]
    },
    "downtheline": {
        "DST": [
            [
                -0.405089837544076,
                0.209053929690239,
                0.0025722871709991,
                0.00261507525633554,
                -0.0609159407656116
            ]
        ],
        "K": [
            [
                1016.79672773617,
                0,
                416.289583057827
            ],
            [
                0,
                1016.0891152747,
                679.715821926892
            ],
            [
                0,
                0,
                1
            ]
        ],
        "R": [
            [
                0.0280716976242085,
                0.999595673103953,
                0.0045243899421577
            ],
            [
                0.038821511795992,
                -0.00561296316729176,
                0.999230396288241
            ],
            [
                0.998851775797775,
                -0.0278744498840124,
                -0.0389633806194359
            ]
        ],
        "T": [
            [
                493.555072413967
            ],
            [
                1181.06265397867
            ],
            [
                2747.20504689575
            ]
        ]
    }
 }